{"stat.useItem.minecraft.lapis_block":11,"stat.walkOneCm":1900933,"stat.useItem.minecraft.lever":36,"stat.useItem.minecraft.repeater":114,"stat.leaveGame":26,"stat.useItem.minecraft.glowstone":14,"stat.jump":7454,"stat.useItem.minecraft.redstone":462,"stat.crouchOneCm":29165,"stat.useItem.minecraft.redstone_torch":123,"stat.useItem.minecraft.stone_button":13,"stat.sprintOneCm":69658,"achievement.exploreAllBiomes":{"value":0,"progress":["Plains"]},"stat.useItem.minecraft.glass":2,"stat.useItem.minecraft.stone_slab":19,"stat.useItem.minecraft.redstone_lamp":31,"achievement.openInventory":1383,"stat.useItem.minecraft.iron_block":858,"stat.damageTaken":-2147482089,"stat.flyOneCm":61198580,"stat.deaths":2,"stat.drop":32,"stat.playOneMinute":9152610,"stat.timeSinceDeath":1067527,"stat.useItem.minecraft.sign":2}